id;title;content;date
1;to;../fake-data/blob/hipster.txt;2024-07-19T23:53:39
2;angrily;../fake-data/blob/hipster.txt;2024-07-20T05:58:29
3;jubilantly an;../fake-data/blob/hipster.txt;2024-07-19T18:47:46
4;note reasonable;../fake-data/blob/hipster.txt;2024-07-19T17:36:56
5;coaxingly;../fake-data/blob/hipster.txt;2024-07-19T18:32:30
6;whether who;../fake-data/blob/hipster.txt;2024-07-19T09:01:33
7;pig;../fake-data/blob/hipster.txt;2024-07-19T11:23:37
8;shrilly stuff humiliating;../fake-data/blob/hipster.txt;2024-07-19T07:27:40
9;graceful;../fake-data/blob/hipster.txt;2024-07-19T22:43:01
10;sandy;../fake-data/blob/hipster.txt;2024-07-19T22:38:56
